Page,Product Name,Badge,Category,Amazon Search Hint,Affiliate URL (paste here),Status,Notes
/tools/best-drain-snakes-for-homeowners,25-ft manual hand auger,Best Overall,Manual drain snake,"""25 foot drain auger 1/4 inch drum""",https://amzn.to/4tZgObP,Live,"Steel cable, drum with lid, rubber grip, thumb lock preferred"
/tools/best-drain-snakes-for-homeowners,Basic 15-ft zip-it style cable,Best Budget,Hair/debris tool,"""zip it drain cleaning tool 2 pack""",https://amzn.to/4cwgbzh,Live,Multi-pack preferred; these are disposable
/tools/best-drain-snakes-for-homeowners,Flat-tape tub drain snake,Best for Tubs,Tub-specific snake,"""flat tape tub drain snake 20 ft""",https://amzn.to/4vC5Zy0,Live,Plastic guide sleeve at tip prevents tub finish scratches
/tools/best-drain-snakes-for-homeowners,Powered drum auger (homeowner grade),Best for Tougher Clogs,Powered snake,"""homeowner power drain auger 50 ft""",https://amzn.to/4sNWsBb,Live,Variable speed + foot pedal if possible; match cable to line diameter
/tools/best-plungers-for-homeowners,Flange plunger (toilet),Best for Toilets,Toilet plunger,"""toilet flange plunger black rubber""",https://amzn.to/3Qvj5Np,Live,Fold-out flange; thick handle; avoid cheap cups that collapse
/tools/best-plungers-for-homeowners,Cup plunger (sink/tub),Best for Sinks & Tubs,Standard cup plunger,"""cup plunger sink drain""",https://amzn.to/487GZVl,Live,Flat-rim cup seals flat drain openings; keep separate from toilet plunger
/tools/best-plungers-for-homeowners,Accordion-style high-pressure plunger,Best for Tough Clogs,High-pressure plunger,"""accordion plunger toilet""",https://amzn.to/48d9Vez,Live,Generates more pressure than a flange; awkward but effective
/tools/best-voltage-testers-for-homeowners,Non-contact voltage tester pen,Best Overall,Non-contact NCVT,"""non contact voltage tester klein""",https://amzn.to/4cyACvH,Live,Dual-range (50V / 1000V); bright tip light; beep + visual
/tools/best-voltage-testers-for-homeowners,GFCI outlet tester,Best for Outlet Checks,Outlet/GFCI tester,"""GFCI outlet tester plug in""",https://amzn.to/4vCRsC6,Live,3-light wiring diagnostic + GFCI trip button
/tools/best-voltage-testers-for-homeowners,Digital multimeter (homeowner grade),Best for Deeper Checks,Multimeter,"""digital multimeter auto ranging""",https://amzn.to/4ttXQdK,Live,Auto-ranging; CAT III safety rating; insulated leads
/tools/best-voltage-testers-for-homeowners,Circuit breaker finder,Best for Panel Work,Breaker finder,"""circuit breaker finder receptacle""",https://amzn.to/4czxXBY,Live,Transmitter + receiver pair; saves guessing at the panel
/tools/best-shop-vacs-for-water-cleanup,Mid-size wet/dry shop vac (6–9 gal),Best Overall,Wet/dry vacuum,"""shop vac 6 gallon wet dry""",https://amzn.to/3OBSCx3,Live,Enough capacity for a typical under-sink or appliance leak
/tools/best-shop-vacs-for-water-cleanup,Compact wet/dry vac (2–3 gal),Best Compact,Wet/dry vacuum,"""shop vac 2.5 gallon portable""",https://amzn.to/41NOXzk,Live,For apartments or garage storage where full-size is overkill
/tools/best-shop-vacs-for-water-cleanup,Large wet/dry shop vac (12+ gal),Best for Flooded Areas,Wet/dry vacuum,"""shop vac 12 gallon wet dry""",https://amzn.to/3QjvCU9,Live,Pump-out port helps when you have standing water
/tools/best-moisture-meters-for-homeowners,Pin-type moisture meter,Best Overall,Moisture meter,"""pin moisture meter wood drywall""",https://amzn.to/48HfL88,Live,"Good for spot-checking drywall, wood studs, trim"
/tools/best-moisture-meters-for-homeowners,Pinless moisture meter,Best Non-Invasive,Moisture meter,"""pinless moisture meter wall""",https://amzn.to/4vC70Gk,Live,Scans without leaving holes; better for finished walls
/tools/best-moisture-meters-for-homeowners,Dual-mode (pin + pinless) moisture meter,Best Versatile,Moisture meter,"""dual moisture meter pin pinless""",https://amzn.to/4mC7I2e,Live,Both modes in one; worth it if you check leaks more than once a year
/tools/best-caulk-and-caulk-guns-for-bath-and-kitchen,Dripless caulk gun,Best Overall,Caulk gun,"""dripless caulk gun smooth rod""",https://amzn.to/3QiVH5Q,Live,Smooth-rod drive; 18:1 thrust ratio; pressure release
/tools/best-caulk-and-caulk-guns-for-bath-and-kitchen,100%% silicone kitchen & bath caulk,Best for Wet Areas,Sealant,"""100 percent silicone caulk bathroom""",https://amzn.to/42hjzcB,Live,Mildew-resistant; do NOT use on tile grout lines
/tools/best-caulk-and-caulk-guns-for-bath-and-kitchen,Caulk removal tool,Best Prep Tool,Removal tool,"""caulk remover tool scraper""",https://amzn.to/3QOjrig,Live,Plastic blade so you don't scratch the tub finish
/tools/best-caulk-and-caulk-guns-for-bath-and-kitchen,Smoothing/finishing kit,Best for Clean Lines,Finishing kit,"""caulk finishing tool kit""",https://amzn.to/42hjBkJ,Live,Simple rubber smoothers + masking tape produce the cleanest bead
/advice/toilet-leaking-at-the-base,Toilet wax ring kit (with reinforced flange horn),,Toilet repair part,"""toilet wax ring kit reinforced""",https://amzn.to/4cBSy8L,Live,Get one with a flange horn; plain wax rings squish too thin
/advice/toilet-leaking-at-the-base,Closet bolt kit (new bolts + washers),,Toilet repair part,"""toilet closet bolts stainless""",https://amzn.to/4tkELKB,Live,Replace with new bolts whenever you pull the toilet
/advice/faucet-dripping,Universal faucet washer & O-ring assortment,,Faucet repair part,"""faucet washer o ring assortment kit""",https://amzn.to/3OvcVfK,Live,Covers most common compression-stem faucets
/advice/faucet-dripping,Faucet cartridge puller,,Faucet repair tool,"""faucet cartridge puller tool""",https://amzn.to/4vGxUNa,Live,For single-handle faucets where the cartridge is corroded in
/advice/sink-drain-leaking-under-kitchen-sink,P-trap replacement kit (1-1/2 in),,Plumbing repair part,"""kitchen sink p trap kit 1.5 inch""",https://amzn.to/41FdIxF,Live,Flexible or rigid PVC; bring old one to match if measurement unclear
/advice/sink-drain-leaking-under-kitchen-sink,Plumber's putty,,Plumbing sealant,"""plumbers putty waterproof""",https://amzn.to/4mItUb5,Live,For basket strainers and sink flanges; NOT for threaded joints
/advice/water-under-the-bathroom-sink,Braided stainless supply lines (pair),,Plumbing repair part,"""braided stainless faucet supply line pair""",https://amzn.to/4vXpTE3,Live,Replace old supply lines at any sign of corrosion or kinking
/advice/water-under-the-bathroom-sink,Wi-Fi water leak alarm (multi-sensor set),,Smart home / leak detection,"""water leak detector wifi multi pack""",https://amzn.to/4dTjQtq,Live,Place one under every under-sink cabinet and behind the washer
/advice/drywall-damage-after-a-leak,Drywall repair patch kit (mesh + compound),,Drywall repair,"""drywall repair kit patch mesh""",https://amzn.to/4dTF0rr,Live,For small holes and soft spots after a leak
/advice/drywall-damage-after-a-leak,Setting-type joint compound (lightweight),,Drywall finishing,"""setting type joint compound 20 minute""",https://amzn.to/4cTNn5d,Live,Dries by chemical reaction; stronger than pre-mix for patches
/advice/sump-pump-not-working,Sump pump battery backup,,Sump pump accessory,"""sump pump battery backup system""",https://amzn.to/4mIu0PZ,Live,The cheapest insurance against a basement flood during a power outage
/advice/water-heater-leaking,Combination carbon-monoxide + smoke alarm,,Safety device,"""combination smoke carbon monoxide alarm""",https://amzn.to/4mHQ6SP,Live,Gas water heaters; replace every 10 years
/advice/water-heater-leaking,Water heater drain pan (26 in / 30 in),,Water heater accessory,"""water heater drain pan 26 inch""",https://amzn.to/41JCEE9,Live,Match the diameter of your tank; catches small slow leaks
/advice/garbage-disposal-leaking,Disposal splash guard (universal),,Garbage disposal part,"""garbage disposal splash guard""",https://amzn.to/4cv6oJS,Live,Cheap and easy to replace; quiets noise too
/advice/garbage-disposal-leaking,Disposal reset/jam wrench (1/4 in hex),,Garbage disposal tool,"""garbage disposal wrench""",https://amzn.to/4tVSLun,Live,Fits the hex recess on the bottom of most disposals
/advice/ac-not-cooling,HVAC pleated air filters (multipack),,HVAC maintenance,"""16x25x1 pleated air filter 6 pack""",https://amzn.to/4cqI6AA,Live,Filter size varies — match yours; MERV 8–11 is the homeowner sweet spot
/advice/ac-not-cooling,Evaporator coil cleaner (no-rinse),,HVAC maintenance,"""no rinse evaporator coil cleaner""",https://amzn.to/4cwi8f5,Live,Safe for indoor coils; outdoor coils can use rinse-type
/advice/clogged-ac-condensate-drain-line,Condensate line clearing tool (CO2 or pump),,HVAC maintenance,"""ac condensate line blaster""",https://amzn.to/4tkUbP0,Live,Option to a shop vac for homeowners without one
/advice/clogged-ac-condensate-drain-line,Condensate drain treatment tablets,,HVAC maintenance,"""ac drain line treatment tablets""",https://amzn.to/48bQRxm,Live,Slow-release enzyme tablets; prevent algae buildup
/advice/gfci-outlet-keeps-tripping,Replacement GFCI outlet (15A or 20A),,Electrical part,"""15 amp gfci outlet self test""",https://amzn.to/4sCNRRP,Live,Self-test models are now the standard; match your circuit's amp rating
